id;first_name;last_name;email;telephone
1;Burdette;VonRueden;Sandra66@yahoo.com;224.250.0593
2;Cloyd;Bode;Sim.McClure@yahoo.com;742.720.0861
3;Lambert;Pacocha;Jovani_Kessler12@hotmail.com;(756) 223-2900
4;Julian;Carter;Rowland55@gmail.com;(784) 849-4680
5;Dean;Hammes;Bernhard_Will36@gmail.com;604.260.0796 x14851
6;Penelope;Fay;Odell.Howell@hotmail.com;(357) 851-2067 x499
7;Kianna;Ortiz;Seamus38@hotmail.com;1-674-599-7871
8;Lamont;Romaguera;Minerva.Little-Kuphal@hotmail.com;546.424.4864
9;Jess;Medhurst;Simone.Koelpin57@gmail.com;517-975-9496 x641
10;Rahul;Langosh;Mckenzie.Beatty@hotmail.com;(449) 881-1788 x2158
