id;title;description;date;palce
1;absent conserve;snub overstate;2024-06-10;legislate
2;repository observation;frightened if;2024-06-11;tweet
3;aha;notarize midst pish;2024-06-10;infinite
4;oh even following;though oversleep;2024-06-10;which tightly
5;upbeat victim;hearty normal;2024-06-10;aha lovingly
6;lustrous hence;however openly spark;2024-06-11;fooey
7;wallop whereas era;marry where;2024-06-10;hype
8;abbreviate;lest;2024-06-10;demanding excepting
9;following blizzard hmph;mysterious;2024-06-10;yippee
10;gah;instil skating;2024-06-10;genius vaguely
