id;full_name;email;company
1;via;Alexandre52@hotmail.com;unlike barring
2;impressive;Margot1@yahoo.com;unlucky
3;doubtfully wherever inhabit;Zula33@gmail.com;maim a institutionalize
4;briskly however;Prince_Thiel@hotmail.com;absent flummox nearly
5;roughly yum;Anderson_Kilback@yahoo.com;rightfully
6;stormy;Tyra.Goldner79@hotmail.com;aside fabric aw
7;however duel badge;Danial.Kuvalis@gmail.com;hobble
8;bloom;Marta.Wiza@hotmail.com;scrape
9;huzzah metallic even;Lonie.Rutherford@hotmail.com;anguish
10;yum stability secretary;Eladio_Wehner84@gmail.com;visible tile
